[{"Name":"1.12.1.5875 x86","UseBase":true,"ClientConnection":7607316,"ObjectManager":0,"FirstObjectOffset":172,"LocalGuidOffset":192,"NextObjectOffset":60,"MapID":4621696,"Pos_X":2488,"Pos_Y":2492,"Pos_Z":2496,"Guid":48},{"Name":"2.4.3.8606 x86","UseBase":false,"ClientConnection":13906712,"ObjectManager":8728,"FirstObjectOffset":172,"LocalGuidOffset":192,"NextObjectOffset":60,"MapID":14781876,"Pos_X":3056,"Pos_Y":3060,"Pos_Z":3064,"Guid":48},{"Name":"3.3.5.12340 x86","UseBase":false,"ClientConnection":13081824,"ObjectManager":11984,"FirstObjectOffset":172,"LocalGuidOffset":192,"NextObjectOffset":60,"MapID":11232188,"Pos_X":1944,"Pos_Y":1948,"Pos_Z":1952,"Guid":48}]